Title,Description,Group,Board,Created,Updated,URL
felt that the other person is not interesting in one because of being phubbed,,feelings resulting from phubbing,final interviews of distance-study,2024-05-04 14:50,2024-05-04 17:24,https://distance-study-mp9c.dovetail.com/tags/14SL4zxVtafFt2PWqvAw
using phone while social for text messages,,action of smartphone use during social interacti,final interviews of distance-study,2024-04-15 18:33,2024-05-13 16:11,https://distance-study-mp9c.dovetail.com/tags/22haX2WJkY7TWbvI8lMa1
felt a lack of attention from the conversation partner because of being phubbed,,feelings resulting from phubbing,final interviews of distance-study,2024-04-16 10:47,2024-05-04 14:50,https://distance-study-mp9c.dovetail.com/tags/2P9bHBvLUoTcI8CNTtfbc
felt/looked ashamed because of intervention,,reactions to the interventions,final interviews of distance-study,2024-05-04 17:04,2024-05-04 17:21,https://distance-study-mp9c.dovetail.com/tags/4EYwbVXGpACOW2hcfMD0g
rates excessive smartphone use during social interaction as disrespectful,,ratings of smartphone use during social interactio,final interviews of distance-study,2024-05-13 15:21,2024-05-13 16:27,https://distance-study-mp9c.dovetail.com/tags/58LJQ3WO5KtVIfaH42EMZ
rates permanent smartphone use during social interaction as awful/negative,,ratings of smartphone use during social interactio,final interviews of distance-study,2024-04-09 14:20,2024-05-10 14:27,https://distance-study-mp9c.dovetail.com/tags/61aKZqq6cCvyajAL2ZgQo
using phone while social to listening to music together,,action of smartphone use during social interacti,final interviews of distance-study,2024-04-15 18:44,2024-05-13 16:27,https://distance-study-mp9c.dovetail.com/tags/8ln9Do6zB7qy7UpWxSsIM
felt less appreciated from the conversation partner because of being phubbed,,feelings resulting from phubbing,final interviews of distance-study,2024-04-16 11:11,2024-05-04 16:22,https://distance-study-mp9c.dovetail.com/tags/9TsWodcCqSvEGsB881pbK
has less understanding for smartphone use during social interaction if someone looks a tik tok or something like that,,ratings of smartphone use during social interactio,final interviews of distance-study,2024-05-10 14:06,2024-05-13 16:30,https://distance-study-mp9c.dovetail.com/tags/cH8eOhKYDcMe9U1FVXSdf
"thinks interventions could help reduce phubbing, because interventions delay grabbing their smartphone out of habit",,thougts about efficience of interventions,final interviews of distance-study,2024-04-30 13:41,2024-04-30 14:05,https://distance-study-mp9c.dovetail.com/tags/gwc5gndnjAU6b1g8LT2F3
thinks that the interventions would not be ignored for longterm even of habituation because you still have to wait 3 seconds before you can use the smartphone,,thougts about efficience of interventions,final interviews of distance-study,2024-04-26 14:09,2024-04-26 14:55,https://distance-study-mp9c.dovetail.com/tags/hzNZfWdoW7q5RjMzOlBkV
felt irritated because of being phubbed,,feelings resulting from phubbing,final interviews of distance-study,2024-05-10 13:41,2024-05-13 16:22,https://distance-study-mp9c.dovetail.com/tags/ivzmyyuNDb66BNZzqzYTD
thinks that the main part of social interaction is paying attention to each other,,feelings resulting from phubbing,final interviews of distance-study,2024-04-16 10:49,2024-04-16 15:01,https://distance-study-mp9c.dovetail.com/tags/jfxkb5H0hpaWVfJL2InEE
thinks people in most cases don't know that they are phubbing (unconsicious),,thoughts about reasons of phubbing behaviour,final interviews of distance-study,2024-05-04 16:31,2024-05-04 17:25,https://distance-study-mp9c.dovetail.com/tags/smS6Imh0VR3mW4HCGm7D7
thinks interventions could help to reduce phubbing if they were more specific about the situations (only conversations e.g.),,thougts about efficience of interventions,final interviews of distance-study,2024-05-10 14:35,2024-05-13 16:21,https://distance-study-mp9c.dovetail.com/tags/xtFtDpX4YP8Ju63595ftj
rates smartphone use during social interaction as acceptable if it has been communicated and the conversation can continue afterwards without any worries,,ratings of smartphone use during social interactio,final interviews of distance-study,2024-04-30 12:56,2024-04-30 14:10,https://distance-study-mp9c.dovetail.com/tags/AxEab4c72nyAKYYiRU751
rates smarphone usage while eating together as rude and impolite ,,ratings of smartphone use during social interactio,final interviews of distance-study,2024-04-29 11:44,2024-04-29 12:53,https://distance-study-mp9c.dovetail.com/tags/BZNPXh8OUvpFyXnrVA7P4
felt not taken seriously from the conversation partner because of being phubbed,,feelings resulting from phubbing,final interviews of distance-study,2024-04-16 11:13,2024-04-18 13:40,https://distance-study-mp9c.dovetail.com/tags/CbNU8ax37pJkAA8aywDHL
was phubbed by family members,,groups of people who phubb,final interviews of distance-study,2024-04-16 10:42,2024-05-04 14:51,https://distance-study-mp9c.dovetail.com/tags/DNJF2519aykkN3hxD74cV
finds research about phubbing useful and is looking forward to the results of the study,,further work related to smartphone use,final interviews of distance-study,2024-04-09 14:10,2024-04-26 15:53,https://distance-study-mp9c.dovetail.com/tags/EQQjshSEDviAMfeKTkjx6
thinks it's sometimes more easier to look on phone than having a social conversation,,thoughts about reasons of phubbing behaviour,final interviews of distance-study,2024-04-29 12:30,2024-04-30 14:11,https://distance-study-mp9c.dovetail.com/tags/HOjZDrUen6DjXM7wyHO5M
Feels ashamed when he was phubbed because he did not realize that the conversation partner had no interest in the conversation and he wanted to have it anyway,,feelings resulting from phubbing,final interviews of distance-study,2024-04-30 12:27,2024-04-30 14:09,https://distance-study-mp9c.dovetail.com/tags/MQhtTJHQDDhdfb0XljTfA
rates smartphone use during social interaction as annoying,,ratings of smartphone use during social interactio,final interviews of distance-study,2024-04-26 12:00,2024-04-29 12:52,https://distance-study-mp9c.dovetail.com/tags/NvHHuT868BPxGI9NQWNVD
feeling ignored because of being phubbed,,feelings resulting from phubbing,final interviews of distance-study,2024-04-10 17:22,2024-04-26 13:02,https://distance-study-mp9c.dovetail.com/tags/PPB8Ov2Nm3wxQjaSeJ6k3
phubbs sometimes if conversation is boring,,ratings of own phubbing behaviour,final interviews of distance-study,2024-05-13 16:05,2024-05-13 16:27,https://distance-study-mp9c.dovetail.com/tags/RcefVpal1sxGF6CysqIbK
rates shared smartphone use (like showing something on phone the conversation partner) acceptable,,ratings of smartphone use during social interactio,final interviews of distance-study,2024-04-29 11:38,2024-04-29 12:17,https://distance-study-mp9c.dovetail.com/tags/TjOFLjnl2y0GpAMuNalGm
thinks interventions could influence smartphone behavior in the long term,,thougts about efficience of interventions,final interviews of distance-study,2024-04-09 14:39,2024-04-18 11:48,https://distance-study-mp9c.dovetail.com/tags/W6mXVmhlTH3WzQ038WkRu
affected by smartphone addiction,,ratings of own smartphone behaviour,final interviews of distance-study,2024-04-09 14:07,2024-04-26 15:47,https://distance-study-mp9c.dovetail.com/tags/Wljk07GZ4qPDsBd94q6lb
"rates smartphone use during social interaction as impolite, but it depends on the context (acceptable if short and communicated use, non acceptable if long or uncommunicated use)",,ratings of smartphone use during social interactio,final interviews of distance-study,2024-04-26 14:34,2024-04-29 12:54,https://distance-study-mp9c.dovetail.com/tags/XCXjSzPhojOlXowTFKwy0
thinks interventions can help people who phub subconsciously,,thougts about efficience of interventions,final interviews of distance-study,2024-05-13 15:36,2024-05-13 16:27,https://distance-study-mp9c.dovetail.com/tags/XIUgucLqDwBSH4qKRvQig
thinks waiting duration to click the button of the intervention was good (3 seconds) to become more mindful of using the phone,,thougts about efficience of interventions,final interviews of distance-study,2024-04-30 13:24,2024-04-30 14:05,https://distance-study-mp9c.dovetail.com/tags/ZUjBnwJGq7ceqimZV0V7m
"rates smartphone use while social as unpleasant if person is not ""present"" while conversation because of smartphone use ",,ratings of smartphone use during social interactio,final interviews of distance-study,2024-05-04 17:03,2024-05-04 17:21,https://distance-study-mp9c.dovetail.com/tags/10QaZQsm1NR64gHQymu7gW
using phone while social to write mails,,action of smartphone use during social interacti,final interviews of distance-study,2024-04-30 13:22,2024-04-30 14:06,https://distance-study-mp9c.dovetail.com/tags/1218Nhsn5sguaudx4SnXoU
"knows ""phubbing"" as phanomen",,thoughts about phenomen phubbing,final interviews of distance-study,2024-04-15 17:11,2024-04-26 11:58,https://distance-study-mp9c.dovetail.com/tags/12LDXYn25pAGNI12UAR2DN
thinks interventions would be better if direct closeable and no delay,,thougts about efficience of interventions,final interviews of distance-study,2024-05-13 15:35,2024-05-13 16:27,https://distance-study-mp9c.dovetail.com/tags/12TeE0eFeneVUgY2J4NVTR
using phone while social to research,,action of smartphone use during social interacti,final interviews of distance-study,2024-04-15 18:56,2024-05-13 15:30,https://distance-study-mp9c.dovetail.com/tags/18cS3o9ZXuUeWdZZ05ozo4
interrupt conversations because of text message,,ratings of own phubbing behaviour,final interviews of distance-study,2024-04-15 18:59,2024-04-29 12:49,https://distance-study-mp9c.dovetail.com/tags/18VtC3UGB0CaX5n70asot9
thinks that the best way to counteract phubbing is to be aware of it in the first place,,(other) ways to avoid phubbing,final interviews of distance-study,2024-05-10 14:10,2024-05-13 16:32,https://distance-study-mp9c.dovetail.com/tags/19hvSDZr9CpU5ejlezFh55
uses phone while social interaction if you don't feel like interacting with someone or are passive,,ratings of own phubbing behaviour,final interviews of distance-study,2024-04-26 13:22,2024-04-29 12:47,https://distance-study-mp9c.dovetail.com/tags/1ak2xhdrJXQop3ssS5JYi0
thinks mindfulness regarding personal smartphone use in society can only be achieved through enforced attention such as through the interventions,,thougts about efficience of interventions,final interviews of distance-study,2024-04-26 14:14,2024-04-26 14:54,https://distance-study-mp9c.dovetail.com/tags/1aT4442hA2P8TSGbKTDh4s
"speaks to the conversation partner and asks them to put down their smartphone when being phubbed (sometimes partner responds, sometimes not) ",,reactions if being phubbed,final interviews of distance-study,2024-04-09 14:00,2024-05-10 14:08,https://distance-study-mp9c.dovetail.com/tags/1cmyIsLfbDWmZPefsXIAC8
using phone while social to call,,action of smartphone use during social interacti,final interviews of distance-study,2024-05-13 14:11,2024-05-13 16:16,https://distance-study-mp9c.dovetail.com/tags/1dzGWKzCb4vY6rx3Ft3VxY
thinks/wishes more mindful usage with smartphones in social media,,further work related to smartphone use,final interviews of distance-study,2024-05-04 15:31,2024-05-04 17:30,https://distance-study-mp9c.dovetail.com/tags/1gowWJSUFQC7ex8vG5KAOD
don't speak to person to put down phone if being phubbed,,reactions if being phubbed,final interviews of distance-study,2024-04-26 15:49,2024-05-04 16:22,https://distance-study-mp9c.dovetail.com/tags/1kA0J83EXVYA1TxIBpH4ca
thinks interventions make more aware of smartphone usage during social interaction and own phubbing behaviour,,thougts about efficience of interventions,final interviews of distance-study,2024-05-13 16:07,2024-05-13 16:18,https://distance-study-mp9c.dovetail.com/tags/1lxeO8sbpwLDuYotajggNY
"thinks the handy, smart and everytime-available-attitude of smartphones could be a reason of smartphone addiction",,thoughts about reasons of smartphone addiction,final interviews of distance-study,2024-04-09 15:40,2024-04-18 11:50,https://distance-study-mp9c.dovetail.com/tags/1lOcOEQUUidUORbQRfyCpF
"thinks intervention would be less annoying without delay, only hint about usage while social interaction",,thougts about efficience of interventions,final interviews of distance-study,2024-05-13 16:10,2024-05-13 16:19,https://distance-study-mp9c.dovetail.com/tags/1mgAqVAlTFENOXfTn7uWSh
rates smartphone use during conversation as negative if it's neccassary to repeat sentences of questions again because person looked on phone,,ratings of smartphone use during social interactio,final interviews of distance-study,2024-04-26 16:07,2024-04-29 12:53,https://distance-study-mp9c.dovetail.com/tags/1nY2bs3enict4dZiBUWiv5
using phone while social to research for weather (common),,action of smartphone use during social interacti,final interviews of distance-study,2024-04-15 18:22,2024-04-18 13:35,https://distance-study-mp9c.dovetail.com/tags/1oibEgySyfWfYNwuoP4OhQ
thinks interventions could help to have more selfcontrol,,thougts about efficience of interventions,final interviews of distance-study,2024-04-30 13:53,2024-04-30 14:05,https://distance-study-mp9c.dovetail.com/tags/1ojcY8RYo0ngEeUiqLYEoE
thinks interventions could help to reduce phubbing for people who have no awareness of their own smartphone use (but they have to be willing),,thougts about efficience of interventions,final interviews of distance-study,2024-04-16 10:56,2024-04-18 11:47,https://distance-study-mp9c.dovetail.com/tags/1oCfP5U1K5bqPmkFeDxJ0S
rates support (for digital time-out) as useful,,further work related to smartphone use,final interviews of distance-study,2024-04-09 14:57,2024-04-18 11:48,https://distance-study-mp9c.dovetail.com/tags/1q0I1hPjdQmgUBUpze9FBG
"was phubbed by close persons (close friends, relationship, etc.)",,groups of people who phubb,final interviews of distance-study,2024-05-10 13:50,2024-05-13 16:25,https://distance-study-mp9c.dovetail.com/tags/1qY6fvMhQXXgkS20QgG7FM
thinks interventions could help in education about smartphone behavioral in society,,thougts about efficience of interventions,final interviews of distance-study,2024-04-09 15:01,2024-05-04 17:18,https://distance-study-mp9c.dovetail.com/tags/1yfIsHlGq9q5itpTCCDz14
was phubbed by romantic relationship partner,,groups of people who phubb,final interviews of distance-study,2024-04-16 11:58,2024-04-18 13:36,https://distance-study-mp9c.dovetail.com/tags/1yLDivvAeay0biDiKQWv4J
using phone while social to check time,,action of smartphone use during social interacti,final interviews of distance-study,2024-05-04 15:09,2024-05-04 17:22,https://distance-study-mp9c.dovetail.com/tags/1GPX9j4LpYI4WCn13bum9T
finds time away from the smartphone together relaxing,,ratings of own smartphone behaviour,final interviews of distance-study,2024-04-09 14:54,2024-04-18 11:41,https://distance-study-mp9c.dovetail.com/tags/1I4Btpf8bgn9LP8ynn9rLS
"thinks interventions could help everybody and not only persons who are phubbing a lot, because it can be closeable everytime",,thougts about efficience of interventions,final interviews of distance-study,2024-05-10 14:42,2024-05-13 16:21,https://distance-study-mp9c.dovetail.com/tags/1LJOcOrtysgkA2LPkRSlfi
thinks it could avoid phubbing if smartphones would stay in jacketpockets for the whole duration of the social interaction,,(other) ways to avoid phubbing,final interviews of distance-study,2024-05-04 17:06,2024-05-13 16:27,https://distance-study-mp9c.dovetail.com/tags/1OA5Kt2nXrKkLnrMQhaViV
rates non-permanent smartphone use during social interaction as acceptable,,ratings of smartphone use during social interactio,final interviews of distance-study,2024-04-26 16:00,2024-05-10 13:45,https://distance-study-mp9c.dovetail.com/tags/1QTNhCINJg6mKv05OtYiwZ
thinks intervention could help reduce phubbing,,thougts about efficience of interventions,final interviews of distance-study,2024-04-09 14:25,2024-04-26 15:36,https://distance-study-mp9c.dovetail.com/tags/1RML31EUwHWhhZwytDZOpe
"uses smartphone too when being phubbed because because it's not a good feeling to be passive (waiting, starring, etc.), but would prefer to have a conversation with the person who was phubbing",,reactions if being phubbed,final interviews of distance-study,2024-04-26 13:30,2024-05-04 14:56,https://distance-study-mp9c.dovetail.com/tags/1WpAZdFZj1rOlCYDtpLDmx
feels an interpersonal barrier when someone is constantly on their mobile phone,,feelings resulting from phubbing,final interviews of distance-study,2024-04-26 13:15,2024-04-26 14:49,https://distance-study-mp9c.dovetail.com/tags/20SSj1y3GqtnGkZm6smWmH
thinks phubbing can be because a lack of impulse control and self-discipline ,,thoughts about reasons of phubbing behaviour,final interviews of distance-study,2024-05-04 16:28,2024-05-04 17:29,https://distance-study-mp9c.dovetail.com/tags/21QqsBe5rLzGVmSrYrbyY2
don't think that education can help to reduce phubbing or smartphone addiction,,further work related to smartphone use,final interviews of distance-study,2024-04-26 14:11,2024-04-26 14:55,https://distance-study-mp9c.dovetail.com/tags/2242dRa21WbaAxp99md8Mi
thinks it is good that the interventions can be clicked away and so have no forbidding character,,reactions to the interventions,final interviews of distance-study,2024-04-09 14:37,2024-05-04 15:29,https://distance-study-mp9c.dovetail.com/tags/28iJglFAKsfFiZxLrWsCAG
would like to have a general behavioral etiquette for using smartphones in social interaction,,further work related to smartphone use,final interviews of distance-study,2024-04-16 10:51,2024-04-18 11:48,https://distance-study-mp9c.dovetail.com/tags/28ALUUhYiCRJ2MNSudqntK
rates smartphone use while eating together as acceptable if it's an emergency,,ratings of smartphone use during social interactio,final interviews of distance-study,2024-04-29 11:47,2024-04-29 12:51,https://distance-study-mp9c.dovetail.com/tags/29i7qBs5CgO6yaeTwaFQi3
says it's normal that people are phubbing him,,thoughts about phenomen phubbing,final interviews of distance-study,2024-04-30 12:40,2024-04-30 14:11,https://distance-study-mp9c.dovetail.com/tags/2dpfKDgO3mDiI1lAolaPxU
Interventions should work more specifically and recognize more precisely whether it is really a social interaction or just sitting next to each other. E.g. through microinput.,,technical improvements for app,final interviews of distance-study,2024-05-10 14:32,2024-05-13 16:31,https://distance-study-mp9c.dovetail.com/tags/2hR2JE8RrRy1riFpYsFdjB
made the experience that friends don't stop phubbing/ using their phones while conversation if speak to them and say that this is disturbing,,personal phubbing stories,final interviews of distance-study,2024-05-04 16:42,2024-05-04 17:28,https://distance-study-mp9c.dovetail.com/tags/2iOiBwWRH4JTA0SWipplsV
using phone while social to update diet app,,action of smartphone use during social interacti,final interviews of distance-study,2024-04-15 18:35,2024-04-16 13:52,https://distance-study-mp9c.dovetail.com/tags/2iRZ1kNbbqjSff1me3B5cF
thinks detection of social interaction could be more efficient if you also use the microphone to determine if a conversation is taking place,,technical improvements for app,final interviews of distance-study,2024-05-13 14:18,2024-05-13 16:31,https://distance-study-mp9c.dovetail.com/tags/2jJpy0SgSFtwWECMWlpgDk
thinks interventions should only be displayed for specified apps and not for every unlock (e.g.taking out diabetes app),,thougts about efficience of interventions,final interviews of distance-study,2024-04-30 13:26,2024-04-30 14:05,https://distance-study-mp9c.dovetail.com/tags/2t5pnk20t2XGG41hh2JrF9
needs to be more mindful of smartphone use,,ratings of own smartphone behaviour,final interviews of distance-study,2024-04-09 13:55,2024-04-30 13:53,https://distance-study-mp9c.dovetail.com/tags/2v8U7XMfTMWdsADxH0tHpm
using phone while social to show something on phone (e.g.pictures ),,action of smartphone use during social interacti,final interviews of distance-study,2024-05-04 15:05,2024-05-13 15:33,https://distance-study-mp9c.dovetail.com/tags/2C9w2DXCw9eJruDpS3350D
thinks phubbing is most common in romantic relationships (there should take the study place),,groups of people who phubb,final interviews of distance-study,2024-04-15 19:02,2024-04-18 13:37,https://distance-study-mp9c.dovetail.com/tags/2ERM3Z1uOIZkmPDlN9hmet
was not annoyed by the app (as the questionnaire suggests) but more by the questionnaire itself,,improvements for study,final interviews of distance-study,2024-04-16 13:34,2024-04-18 13:40,https://distance-study-mp9c.dovetail.com/tags/2GuOG73saU6WAqY40ojd38
waits until the person has finished smartphone usage if being phubbed by a not so close person (acquaintance),,reactions if being phubbed,final interviews of distance-study,2024-05-13 16:00,2024-05-13 16:20,https://distance-study-mp9c.dovetail.com/tags/2GNAO8zTSTHkIArqmVpASj
thinks interventions have a good design,,reactions to the interventions,final interviews of distance-study,2024-04-10 17:28,2024-04-29 12:24,https://distance-study-mp9c.dovetail.com/tags/2HT8J9Bu0jazRccgXcU9Oj
rates long smartphone use (like chatting/long messagaging) while a social conversation as shit,,ratings of smartphone use during social interactio,final interviews of distance-study,2024-04-18 11:00,2024-04-26 16:00,https://distance-study-mp9c.dovetail.com/tags/2JvjndYOxbhiDAaDQxO6S6
thinks phubbing can be avoid with education about respectful interaction with each other,,(other) ways to avoid phubbing,final interviews of distance-study,2024-05-04 17:12,2024-05-04 17:20,https://distance-study-mp9c.dovetail.com/tags/2KiWPNf4CRbxHy3IQHKyjm
communicates the phone use if phubbing people,,ratings of own phubbing behaviour,final interviews of distance-study,2024-04-26 13:34,2024-04-29 12:49,https://distance-study-mp9c.dovetail.com/tags/2KLsejba2bc2U3qYRrxH3n
thinks to avoid phubbing it might help to turn off the notification sound or turn the screen away,,(other) ways to avoid phubbing,final interviews of distance-study,2024-05-13 15:55,2024-05-13 16:27,https://distance-study-mp9c.dovetail.com/tags/2Mm05mGG7HLQFoXdE0yZga
using phone while social to look at reddit,,action of smartphone use during social interacti,final interviews of distance-study,2024-05-13 16:10,2024-05-13 16:16,https://distance-study-mp9c.dovetail.com/tags/2NeQ4nILyPFrAv87G4Ubf4
rates uncommented and unapologized phone use during social interaction as non acceptable,,ratings of smartphone use during social interactio,final interviews of distance-study,2024-04-26 13:00,2024-05-04 17:01,https://distance-study-mp9c.dovetail.com/tags/2PhQc1bP7Arh0U7DKPRnYI
thinks interventions shouldn't have a delay (should be closeable directly),,thougts about efficience of interventions,final interviews of distance-study,2024-05-10 14:40,2024-05-13 16:21,https://distance-study-mp9c.dovetail.com/tags/2PYLPYBjX7qwa2uxg2T5g2
thinks that people tend to underestimate their own smartphone use and it's impact,,thoughts about reasons of phubbing behaviour,final interviews of distance-study,2024-04-26 14:17,2024-04-30 14:12,https://distance-study-mp9c.dovetail.com/tags/2R9om7lODOrwxZltDqSscQ
thinks maybe it's etiquette or education if phubbing or not,,thoughts about reasons of phubbing behaviour,final interviews of distance-study,2024-05-04 17:00,2024-05-04 17:25,https://distance-study-mp9c.dovetail.com/tags/2SzROyG4mhmG8RSKp3gAsy
rates being phubbed by family members different than being phubbed by friends,,groups of people who phubb,final interviews of distance-study,2024-04-29 11:43,2024-04-29 12:17,https://distance-study-mp9c.dovetail.com/tags/2Vssx4l4OPr6kSCVIPUDDG
using phone while social to look for navigation,,action of smartphone use during social interacti,final interviews of distance-study,2024-05-10 14:44,2024-05-13 16:16,https://distance-study-mp9c.dovetail.com/tags/2XlQZyCm9QcAphFbQAV6gq
Has the rule in family that cell phones have no place at the dining table during lunch (to avoid phubbing),,(other) ways to avoid phubbing,final interviews of distance-study,2024-04-16 13:40,2024-04-18 11:50,https://distance-study-mp9c.dovetail.com/tags/34OouG8WhTlyRJIU5LdICL
keeps a person from whom one was phubbed in retrospect more negative in memory than if they had not phubbed,,feelings resulting from phubbing,final interviews of distance-study,2024-04-18 11:02,2024-04-18 13:39,https://distance-study-mp9c.dovetail.com/tags/35EMEWouBrtgKiLqcUXJGU
using phone while soical for checking sugar values in diabetes app,,action of smartphone use during social interacti,final interviews of distance-study,2024-04-30 13:20,2024-04-30 14:06,https://distance-study-mp9c.dovetail.com/tags/38vTHLqs4GHEGsYwwzawsX
thinks the only way to reduce phubbing is to make people feel like shit if they phubb,,thougts about efficience of interventions,final interviews of distance-study,2024-04-29 12:40,2024-04-29 12:40,https://distance-study-mp9c.dovetail.com/tags/3hKNBruGKNmg4nY8wDvfZC
was phubbed by friends,,groups of people who phubb,final interviews of distance-study,2024-04-15 19:06,2024-05-04 16:31,https://distance-study-mp9c.dovetail.com/tags/3ieuOqb5IHsNIKKbqJSSKM
using phone while social to research train times,,action of smartphone use during social interacti,final interviews of distance-study,2024-04-15 18:53,2024-04-18 13:35,https://distance-study-mp9c.dovetail.com/tags/3nEHbY3M2vw7tuyUHxECas
remembers that being phubbed,,thoughts about phenomen phubbing,final interviews of distance-study,2024-04-10 17:19,2024-05-10 13:38,https://distance-study-mp9c.dovetail.com/tags/3psBImkPPcGUMeZdbGBvFU
using phone while social to research for common events,,action of smartphone use during social interacti,final interviews of distance-study,2024-04-15 18:22,2024-04-18 13:35,https://distance-study-mp9c.dovetail.com/tags/3v8YZry1QMPEdghJ28Uojs
digital detox = good,,ratings of own smartphone behaviour,final interviews of distance-study,2024-04-09 14:55,2024-04-18 11:41,https://distance-study-mp9c.dovetail.com/tags/3wfkzIZL3BGMDmwfVEhM3x
thinks own smartphone usage is acceptable,,ratings of own smartphone behaviour,final interviews of distance-study,2024-04-26 15:31,2024-04-29 12:34,https://distance-study-mp9c.dovetail.com/tags/3x4vd8lReyuigCjkiHtOYI
use phone less than usual because of avoiding interventions,,reactions to the interventions,final interviews of distance-study,2024-04-26 15:33,2024-04-29 12:24,https://distance-study-mp9c.dovetail.com/tags/3zkUa0htk2hEr41uQW05Z0
"had the experience that a friend lied about his phubbing behavior and said he was doing an action on his smartphone for the community, but then did some private stuff like social media",,personal phubbing stories,final interviews of distance-study,2024-04-26 16:10,2024-04-29 12:42,https://distance-study-mp9c.dovetail.com/tags/3zpMog94DGsTezEK7AV21l
thinks that the fact whether he is phubbed or not sometimes depends on his own behavior (special case: reflects the topic of phubbing very self-related and not in the context of an etiquette),,thoughts about reasons of phubbing behaviour,final interviews of distance-study,2024-04-30 12:46,2024-04-30 14:11,https://distance-study-mp9c.dovetail.com/tags/3zXb3Xgl5YobpTSsyGOoKs
admits to phubb people sometimes,,ratings of own phubbing behaviour,final interviews of distance-study,2024-04-26 13:32,2024-05-13 16:04,https://distance-study-mp9c.dovetail.com/tags/3Cal0pEzkrjEiioTChnZ67
"thinks if friends/people you're just getting to know didn't phub you or didn't use their smartphone too much, you could definitely get to know each other better",,feelings resulting from phubbing,final interviews of distance-study,2024-04-26 13:20,2024-04-29 12:38,https://distance-study-mp9c.dovetail.com/tags/3CwkmRXYIldWKigLp1vFsr
rates constant smartphone use while conversations as annoying,,ratings of smartphone use during social interactio,final interviews of distance-study,2024-04-18 11:26,2024-04-18 11:59,https://distance-study-mp9c.dovetail.com/tags/3CAqguyxcgCwZojTAclRkb
"thinks if friends/people you're just getting to know didn't phub you or didn't use their smartphone too much, you could definitely get to know each other better",,technical improvements for app,final interviews of distance-study,2024-04-29 12:38,2024-04-29 12:38,https://distance-study-mp9c.dovetail.com/tags/3FrpfkUAnolKjBFlo4iINz
rates smartphone use while personal conversation as disturbing,,ratings of smartphone use during social interactio,final interviews of distance-study,2024-04-09 15:38,2024-05-04 16:25,https://distance-study-mp9c.dovetail.com/tags/3FxEbqdjQI44uECqJdaG0D
using phone while social to get update of favorite soccer team games ,,action of smartphone use during social interacti,final interviews of distance-study,2024-04-15 18:30,2024-04-29 11:33,https://distance-study-mp9c.dovetail.com/tags/3GSATLMLDUGLiL0Edyp3p4
thinks smartphone behaviour in the younger generation should be kept in mind,,further work related to smartphone use,final interviews of distance-study,2024-05-10 14:21,2024-05-13 16:27,https://distance-study-mp9c.dovetail.com/tags/3MetBeUzfCj0XipbKyaxA2
less neutral color of intervention as alternative version,,technical improvements for app,final interviews of distance-study,2024-04-26 15:41,2024-04-29 12:21,https://distance-study-mp9c.dovetail.com/tags/3Nl4quhGASdzc8A1Oht2bO
Consciously put the phone out of reach and hearing range ( conscious action to avoid phubbing),,(other) ways to avoid phubbing,final interviews of distance-study,2024-04-16 10:22,2024-05-13 15:52,https://distance-study-mp9c.dovetail.com/tags/3RYotFfTyu2Ppa6CmXu0Lj
thinks interventions would be ignored in the long term because of habituation effect,,thougts about efficience of interventions,final interviews of distance-study,2024-04-18 10:58,2024-05-13 16:19,https://distance-study-mp9c.dovetail.com/tags/3S3LCBYOvZMrsSypDVAlfD
needs self-determined smartphone use,,ratings of own smartphone behaviour,final interviews of distance-study,2024-04-09 13:57,2024-04-26 15:41,https://distance-study-mp9c.dovetail.com/tags/3SPcHJdbwHeB59P6re53nZ
 thinks education about phubbing can help to be more mindful (because never heard about it before),,further work related to smartphone use,final interviews of distance-study,2024-05-10 14:13,2024-05-13 16:27,https://distance-study-mp9c.dovetail.com/tags/3Xdxo1zk1QHj86jAm5BO3M
"thinks it could be interesting to investigate more stimuli like sound, vibration or sth.else for interventions",,technical improvements for app,final interviews of distance-study,2024-05-13 14:12,2024-05-13 16:31,https://distance-study-mp9c.dovetail.com/tags/3XUzeD2Eu3Vy4wHBkMgLLh
more education about smartphone use required,,further work related to smartphone use,final interviews of distance-study,2024-04-09 14:02,2024-05-10 14:21,https://distance-study-mp9c.dovetail.com/tags/3ZKzk2M5zxqsHahXLqzxFA
rates shared smartphone use positively,,ratings of smartphone use during social interactio,final interviews of distance-study,2024-04-09 14:42,2024-04-18 11:52,https://distance-study-mp9c.dovetail.com/tags/3ZLCir2DtZqs4FB6QUehHr
using phone while social to check if apartment advertisements have been answered,,action of smartphone use during social interacti,final interviews of distance-study,2024-05-04 16:35,2024-05-04 17:22,https://distance-study-mp9c.dovetail.com/tags/43BV0ypV8ihQacACOOlyAd
would like to be able to set the interventions for being together with selected people,,technical improvements for app,final interviews of distance-study,2024-04-26 14:36,2024-04-26 14:46,https://distance-study-mp9c.dovetail.com/tags/43FYxyBIzMdxYK6AwuMrzC
using phone while social to check for messages (private),,action of smartphone use during social interacti,final interviews of distance-study,2024-04-15 18:27,2024-05-04 16:33,https://distance-study-mp9c.dovetail.com/tags/44Fm5cZDvbwcn8kgkhOXg3
"thinks phubbing is a topic espacially for people over 50, as they often have no real rules or attitude when using smartphones during social interaction",,groups of people who phubb,final interviews of distance-study,2024-04-16 10:40,2024-04-18 13:37,https://distance-study-mp9c.dovetail.com/tags/44Uj1OrXfHSllJZicSRMN3
consciously not taking the phone to a social get-together ( conscious action to avoid phubbing),,(other) ways to avoid phubbing,final interviews of distance-study,2024-04-16 10:21,2024-05-04 15:33,https://distance-study-mp9c.dovetail.com/tags/450VuxmX7JOd8mT9OLRtX1
thinks if seeing people after a long time and then being phubbed by them there will be a change in relationship dynamic,,reactions if being phubbed,final interviews of distance-study,2024-04-26 16:12,2024-04-29 12:44,https://distance-study-mp9c.dovetail.com/tags/45W6xl1y4dTlZoL7v5J7P4
using phone while social for taking pictures together,,action of smartphone use during social interacti,final interviews of distance-study,2024-04-15 18:44,2024-04-18 13:35,https://distance-study-mp9c.dovetail.com/tags/47MWuIpygnDEMKgAksEPfF
looks sometimes at phone while social without any gain,,ratings of own phubbing behaviour,final interviews of distance-study,2024-04-18 10:51,2024-04-29 12:49,https://distance-study-mp9c.dovetail.com/tags/4csmrxYsAmrXJyHNvY2062
thinks own smartphone behaviour is okay,,ratings of own smartphone behaviour,final interviews of distance-study,2024-05-10 14:18,2024-05-13 16:32,https://distance-study-mp9c.dovetail.com/tags/4d0kZHWyhWj2sFVchppMtX
thinks phubbing could happen because it's normal to use phone/pc for communication and it easily can be mixed up unconsciously with real conversations,,thoughts about reasons of phubbing behaviour,final interviews of distance-study,2024-05-10 14:29,2024-05-13 16:32,https://distance-study-mp9c.dovetail.com/tags/4dPQaSEs3GzNOw1poyKJD7
don't want to spend time anymore with people/friends who are starring at their phones while conversation,,feelings resulting from phubbing,final interviews of distance-study,2024-05-04 16:41,2024-05-04 17:24,https://distance-study-mp9c.dovetail.com/tags/4g2MmLKlKNnZ01TDlTmK3p
rates smartphone use during conversation as acceptable if knowing (e.g.with communication) that the conversation partner is already interested in the conversation,,ratings of smartphone use during social interactio,final interviews of distance-study,2024-04-30 13:16,2024-04-30 14:10,https://distance-study-mp9c.dovetail.com/tags/4gCqhCHuOeqmH6nqZs7kU5
"usually never has his smartphone with him during social interactions, as everything important is done via smartwatch",,(other) ways to avoid phubbing,final interviews of distance-study,2024-05-13 15:16,2024-05-13 16:23,https://distance-study-mp9c.dovetail.com/tags/4iBOqWG9NhDYOLkzXfY8fO
"feels negative if thinking the conversation partner is somewhere else while conversation, e.g.phubbing ",,feelings resulting from phubbing,final interviews of distance-study,2024-04-30 13:19,2024-04-30 14:08,https://distance-study-mp9c.dovetail.com/tags/4k1jCahou6bJDgd6FcyiMc
thinks the only way to reduce phubbing is to make people feel like shit if they phubb,,(other) ways to avoid phubbing,final interviews of distance-study,2024-04-29 11:51,2024-05-04 17:31,https://distance-study-mp9c.dovetail.com/tags/4kvzX8mlMnXF9TZHfpV9U8
thinks how to rate being phubbed depends on the context of the situation,,ratings of smartphone use during social interactio,final interviews of distance-study,2024-05-10 14:04,2024-05-13 16:30,https://distance-study-mp9c.dovetail.com/tags/4lj4XCKjAHPMh8SKKtlXBt
thinks interventions are efficient because it's a warning from the system (maybe other person is to shy etc.),,thougts about efficience of interventions,final interviews of distance-study,2024-05-13 14:14,2024-05-13 16:21,https://distance-study-mp9c.dovetail.com/tags/4mLLlsOGhkfLcbHhPzKZBl
repeats question or sentences if being phubbed until person answers,,reactions if being phubbed,final interviews of distance-study,2024-04-26 15:50,2024-04-29 12:46,https://distance-study-mp9c.dovetail.com/tags/4nmVWE6uJod5L35htoTkBr
thinks society needs more awareness about data and security of smartphone usage,,further work related to smartphone use,final interviews of distance-study,2024-04-26 15:46,2024-04-29 12:38,https://distance-study-mp9c.dovetail.com/tags/4rZvbWPMX9p8tvfvoPZ2Py
"thinks that interventions would be more efficient if not only at start of smartphone usage, they should be displayed again while the whole usage in social interaction",,thougts about efficience of interventions,final interviews of distance-study,2024-04-15 18:16,2024-04-18 11:48,https://distance-study-mp9c.dovetail.com/tags/4vPRVauJWJcvp6RzHqVHrz
felt caught because of intervention,,reactions to the interventions,final interviews of distance-study,2024-04-15 17:55,2024-05-04 17:03,https://distance-study-mp9c.dovetail.com/tags/4w1ngl4yWSugwKaMC8YTbD
thinks Interventions should be more aggressive so that they cannot be ignored to reduce phubbing,,thougts about efficience of interventions,final interviews of distance-study,2024-04-16 13:22,2024-04-18 11:47,https://distance-study-mp9c.dovetail.com/tags/4Ep6APpx8G7vhUtHAFRqRZ
wishes that appservice would restart automatically if phone restarts,,technical improvements for app,final interviews of distance-study,2024-04-16 13:41,2024-04-18 13:40,https://distance-study-mp9c.dovetail.com/tags/4IiIptEu9uSbfJEUvJlX1e
"knows that people can be annoyed, feeling sad or ignored if being phubbed but does it anyway",,ratings of own phubbing behaviour,final interviews of distance-study,2024-04-29 11:36,2024-04-29 12:49,https://distance-study-mp9c.dovetail.com/tags/4L7MVzER8tJrVUZAHGvsAC
rates smartphone use during social interaction as negative if feeling that the time spending together is not appreciated,,ratings of smartphone use during social interactio,final interviews of distance-study,2024-04-26 16:03,2024-04-29 12:53,https://distance-study-mp9c.dovetail.com/tags/4NN5aeXvo6nvkiv7cphzUx
"if you know each other better/well, he would speak to the person and ask to put down their phone",,reactions if being phubbed,final interviews of distance-study,2024-05-13 16:02,2024-05-13 16:27,https://distance-study-mp9c.dovetail.com/tags/4RewqaqjfCQoJ1jN72HBIA
rates smartphoe use during social interactions acceptable if the conversation topic is not important,,ratings of smartphone use during social interactio,final interviews of distance-study,2024-05-10 13:45,2024-05-13 16:27,https://distance-study-mp9c.dovetail.com/tags/4SGosNeeQ300QrMO9qvWsg
got now more mindful smartphone usage because of intervention,,reactions to the interventions,final interviews of distance-study,2024-04-15 17:03,2024-05-04 15:37,https://distance-study-mp9c.dovetail.com/tags/4WM12N2WACuh94ExC3Fn72
rates smartphone use while eating together as rude,,ratings of smartphone use during social interactio,final interviews of distance-study,2024-04-29 11:46,2024-05-04 17:19,https://distance-study-mp9c.dovetail.com/tags/4Xy0uGGnDj8lWWbOEwmRpe
"thinks the aggresivity and intensity of the interventions should be choose individual by users, because everybody has different usage-habits and preferences",,technical improvements for app,final interviews of distance-study,2024-04-26 15:44,2024-04-29 12:21,https://distance-study-mp9c.dovetail.com/tags/4ZCmGyxGYoCgDwIVZ6emZP
remembers people who phubbed one annoyed,,feelings resulting from phubbing,final interviews of distance-study,2024-04-26 13:04,2024-04-26 14:40,https://distance-study-mp9c.dovetail.com/tags/52zKN2pvihgzMWhD66dz5O
thinks interventions could avoid that people use their smartphone while social interactions,,thougts about efficience of interventions,final interviews of distance-study,2024-04-29 11:56,2024-05-13 15:56,https://distance-study-mp9c.dovetail.com/tags/53CcPyExqj8aH47wW8wU6z
thinks driving car and using smartphone is another context for more mindful usage,,further work related to smartphone use,final interviews of distance-study,2024-04-15 17:08,2024-04-18 11:48,https://distance-study-mp9c.dovetail.com/tags/55TTHGvlwpidFmSflaP70I
was annoyed of the surveyquestions from the study,,improvements for study,final interviews of distance-study,2024-04-26 13:42,2024-04-26 14:52,https://distance-study-mp9c.dovetail.com/tags/5732jFSUgrmndtDOJEhfQ0
"told that people were complaining about her smartphone use during conversation, then she put the phone down",,ratings of own phubbing behaviour,final interviews of distance-study,2024-05-04 15:35,2024-05-04 17:27,https://distance-study-mp9c.dovetail.com/tags/59uGKcvhDUxIXxrICI53XT
felt rejected because of being phubbed,,feelings resulting from phubbing,final interviews of distance-study,2024-05-10 13:42,2024-05-13 16:22,https://distance-study-mp9c.dovetail.com/tags/5cmOrWeT3RccEVMBZpjsns
wishes that app could easily be activate if social interaction and turning off if no social interaction,,technical improvements for app,final interviews of distance-study,2024-04-26 14:37,2024-04-30 13:44,https://distance-study-mp9c.dovetail.com/tags/5i7HjAp8V7qCmnvT8xnZcp
would feel more appreciated if not being phubbed,,feelings resulting from phubbing,final interviews of distance-study,2024-04-10 17:29,2024-05-04 16:25,https://distance-study-mp9c.dovetail.com/tags/5kpByMHhPSVZiBaflmKDk5
thinks that phubbing is a result of unaware excessive smartphone use,,thoughts about reasons of phubbing behaviour,final interviews of distance-study,2024-04-16 13:33,2024-04-18 13:41,https://distance-study-mp9c.dovetail.com/tags/5kZzSMkvdYuk527Mkudgcj
thinks the topic smartphone usage is individuell,,further work related to smartphone use,final interviews of distance-study,2024-05-13 15:57,2024-05-13 16:29,https://distance-study-mp9c.dovetail.com/tags/5lrT4McIxzMS9zSJuhmbUC
put away smartphone because of intervention,,reactions to the interventions,final interviews of distance-study,2024-04-09 14:18,2024-05-04 17:03,https://distance-study-mp9c.dovetail.com/tags/5mH3pURc7M9IJ7MIWy62sS
feels a digital dependency through society,,ratings of own smartphone behaviour,final interviews of distance-study,2024-04-09 13:58,2024-04-18 11:41,https://distance-study-mp9c.dovetail.com/tags/5qOlnckNixs2SctBTlajaq
rates short look at phone while social as okay if it was announced/ commented on and apologized for,,ratings of smartphone use during social interactio,final interviews of distance-study,2024-04-26 12:58,2024-04-29 12:51,https://distance-study-mp9c.dovetail.com/tags/5uw269ry7b7NNqYDkA4oe5
using phone while social to check if still up to date (private),,action of smartphone use during social interacti,final interviews of distance-study,2024-04-15 18:28,2024-04-26 14:26,https://distance-study-mp9c.dovetail.com/tags/5zaq5xNhNtmZjfZcJ6D7HQ
rates smartphone use during social interaction as impolite,,ratings of smartphone use during social interactio,final interviews of distance-study,2024-04-09 13:52,2024-05-04 17:14,https://distance-study-mp9c.dovetail.com/tags/5CyBats7tW6aW2tVxvuotS
feels pressure because of constant availability instead of smartphones,,ratings of own smartphone behaviour,final interviews of distance-study,2024-04-09 15:54,2024-04-18 11:41,https://distance-study-mp9c.dovetail.com/tags/5NRwJdnJdJQnfLi82eSQ8h
"more practical, tangible education",,further work related to smartphone use,final interviews of distance-study,2024-04-09 14:59,2024-04-26 14:12,https://distance-study-mp9c.dovetail.com/tags/5RTYtExAT4HAsEq2pE75vz
felt better/good by don't use phone during social interaction (put it away) because of intervention,,reactions to the interventions,final interviews of distance-study,2024-05-04 15:10,2024-05-04 17:23,https://distance-study-mp9c.dovetail.com/tags/65F2kT0spnoC8YuaZWjQpy
"using phone while social to check news in newspaper app (tagesschau, etc.)",,action of smartphone use during social interacti,final interviews of distance-study,2024-05-10 13:52,2024-05-13 16:16,https://distance-study-mp9c.dovetail.com/tags/68SRcolhQ16NDLyvnY6upY
thinks study was good because of getting mindful with phubbing,,thougts about efficience of interventions,final interviews of distance-study,2024-05-10 14:12,2024-05-13 16:28,https://distance-study-mp9c.dovetail.com/tags/6dCLC1yUcmYBPPwhfXhjXb
rates short look at phone while social as okay,,ratings of smartphone use during social interactio,final interviews of distance-study,2024-04-18 11:20,2024-05-04 17:00,https://distance-study-mp9c.dovetail.com/tags/6icnWsLboKP118fUbG5iM8
phubbs people because of habitation in using the smartphone,,ratings of own phubbing behaviour,final interviews of distance-study,2024-04-26 14:25,2024-04-30 14:12,https://distance-study-mp9c.dovetail.com/tags/6iyBlJIjvqINDyyF0ZnqlX
thinks that education can maybe help people to understand that their smartphone use is disturbing a conversation,,(other) ways to avoid phubbing,final interviews of distance-study,2024-05-04 15:00,2024-05-04 17:30,https://distance-study-mp9c.dovetail.com/tags/6omxo4b4GHrYSSGfrrxyaS
rates smartphone use during conversation or social interaction as awful,,ratings of smartphone use during social interactio,final interviews of distance-study,2024-04-09 14:24,2024-04-18 11:57,https://distance-study-mp9c.dovetail.com/tags/6pbTrcwG6Dw985DTiB4Vg3
speaks to phubbing conversation partner to put away their phone if they do this regulary,,reactions if being phubbed,final interviews of distance-study,2024-05-04 16:24,2024-05-04 17:26,https://distance-study-mp9c.dovetail.com/tags/6qqlFApE00szDDQAKptHwm
phubbed people but get aware of this when people complaining,,ratings of own phubbing behaviour,final interviews of distance-study,2024-05-04 15:37,2024-05-10 14:26,https://distance-study-mp9c.dovetail.com/tags/6sub1gFXOZq4JUXxXfoZd3
thinks the interventions were too unobtrusive/discreet to feel bad,,thougts about efficience of interventions,final interviews of distance-study,2024-04-29 11:49,2024-04-29 12:50,https://distance-study-mp9c.dovetail.com/tags/6vqD6e6Wg4HNK1ckOfjia8
thinks a follow-up study could be interesting,,improvements for study,final interviews of distance-study,2024-04-29 12:13,2024-04-29 12:14,https://distance-study-mp9c.dovetail.com/tags/6vI7YYoab4LdFCKm2pLO8A
"feeling silly, because of taking time for meeting a friend and then being phubbed by him",,feelings resulting from phubbing,final interviews of distance-study,2024-04-26 15:57,2024-04-29 12:22,https://distance-study-mp9c.dovetail.com/tags/6xwqhimD98SWMdNLH303yJ
using phone while social to order food (common),,action of smartphone use during social interacti,final interviews of distance-study,2024-04-15 18:26,2024-04-18 13:35,https://distance-study-mp9c.dovetail.com/tags/6zm5nOpbuA54mbylzDBJ1d
rates own smartphone usage as high,,ratings of own smartphone behaviour,final interviews of distance-study,2024-04-15 18:18,2024-04-29 12:34,https://distance-study-mp9c.dovetail.com/tags/6Ek8uBkWYXohVjNiYdtvi9
using phone while social to research conversation contents,,action of smartphone use during social interacti,final interviews of distance-study,2024-04-15 18:37,2024-04-26 15:29,https://distance-study-mp9c.dovetail.com/tags/6JR0psYVgbcdUQh9ot0QDS
had a negative feeling because of being phubbed,,feelings resulting from phubbing,final interviews of distance-study,2024-04-16 10:46,2024-05-04 16:21,https://distance-study-mp9c.dovetail.com/tags/6RJvA2jszzX3MVCljCsDWm
feeling annoyed because of being phubbed,,feelings resulting from phubbing,final interviews of distance-study,2024-04-26 13:01,2024-04-26 15:13,https://distance-study-mp9c.dovetail.com/tags/6TCrtVmCkYsGIVBRuwz6bC
using phone while social to check mails,,action of smartphone use during social interacti,final interviews of distance-study,2024-05-04 16:33,2024-05-10 13:52,https://distance-study-mp9c.dovetail.com/tags/6TZHbGOJWpVTNWWBmq1erA
rates short look at phone because of incoming message while social as acceptable,,ratings of smartphone use during social interactio,final interviews of distance-study,2024-04-18 10:54,2024-04-18 11:52,https://distance-study-mp9c.dovetail.com/tags/6U70Zq8wjHb24nPLsTqdM0
thinks interventions are working because the duration of 3 seconds not useable is good,,thougts about efficience of interventions,final interviews of distance-study,2024-04-26 14:02,2024-04-26 14:55,https://distance-study-mp9c.dovetail.com/tags/6WO0pYxNxoHb2ImGIhatIh
using phone while social to look for dates in calendar,,action of smartphone use during social interacti,final interviews of distance-study,2024-05-13 15:31,2024-05-13 16:16,https://distance-study-mp9c.dovetail.com/tags/6XinMdmy5R0ksxUg3oLFI8
rates short look at phone while social as acceptable if its important,,ratings of smartphone use during social interactio,final interviews of distance-study,2024-04-18 11:25,2024-05-10 14:05,https://distance-study-mp9c.dovetail.com/tags/6YXR8Tr3T2fllqtcKszYvl
thinks interventions couldn't help to reduce phubbing because they can be ignored and clicked away,,thougts about efficience of interventions,final interviews of distance-study,2024-04-16 12:05,2024-04-18 11:46,https://distance-study-mp9c.dovetail.com/tags/70s89Fu1bGCGHZMaTAMuGs
rates excessive smartphone use during social interaction as impolite/rude,,ratings of smartphone use during social interactio,final interviews of distance-study,2024-05-13 15:20,2024-05-13 16:27,https://distance-study-mp9c.dovetail.com/tags/70wl653mxZ2Da34ef2pIc9
rates non-together (lonely) smartphone use during conversation as unpolite,,ratings of smartphone use during social interactio,final interviews of distance-study,2024-04-18 10:52,2024-04-18 11:55,https://distance-study-mp9c.dovetail.com/tags/70SB02Z8QMKdr4eEzlhNdi
rates smartphone use during social interaction as acceptable if person takes already active part of the conversation,,ratings of smartphone use during social interactio,final interviews of distance-study,2024-04-26 15:52,2024-04-29 12:53,https://distance-study-mp9c.dovetail.com/tags/76IPer0T53n54ai6ksTsm2
"thinks reducing phubbing is more important topic for the phubber than for the phubbed because it is an addictive behavior and keeps people from being mindful, focused&spending time with others",,thougts about efficience of interventions,final interviews of distance-study,2024-04-30 13:51,2024-04-30 14:13,https://distance-study-mp9c.dovetail.com/tags/77GLgRVsRBlIUp6K61a375
would not enter into a friendship with colleagues or people who are phubbing,,reactions if being phubbed,final interviews of distance-study,2024-04-26 16:16,2024-04-29 12:37,https://distance-study-mp9c.dovetail.com/tags/7ayGKVSN2nKuNWbjhUyN4Z
"thinks that a person who is phubbing also triggers their counterpart to use their smartphone, which will not lead to any real conversations and probably no deeper friendships",,feelings resulting from phubbing,final interviews of distance-study,2024-05-13 15:29,2024-05-13 16:30,https://distance-study-mp9c.dovetail.com/tags/7cCMSr3LnVL9M7opjjv7rd
thinks phubbing is a topic especially in the younger generation,,groups of people who phubb,final interviews of distance-study,2024-04-16 10:29,2024-04-18 13:37,https://distance-study-mp9c.dovetail.com/tags/7d3UjQFazQGDfB7pFM1tE0
rates smartphone use during social interaction impolite if the conversation topic is important,,ratings of smartphone use during social interactio,final interviews of distance-study,2024-05-10 13:47,2024-05-13 16:27,https://distance-study-mp9c.dovetail.com/tags/7g09FbH9kRIiz3iBYIapl7
using phone while social to hang out alone,,action of smartphone use during social interacti,final interviews of distance-study,2024-04-15 18:50,2024-04-18 13:34,https://distance-study-mp9c.dovetail.com/tags/7hopri6GP7Xo6DGHfOKzMx
waits until the person has finished using their smartphone when being phubbed,,reactions if being phubbed,final interviews of distance-study,2024-04-26 13:26,2024-04-29 12:42,https://distance-study-mp9c.dovetail.com/tags/7hD2kTQUJRQNZia1ryeCca
thinks interventions good for short-term,,thougts about efficience of interventions,final interviews of distance-study,2024-04-15 17:14,2024-05-13 15:51,https://distance-study-mp9c.dovetail.com/tags/7mAwyaSJLyPTUxeNtGwSRq
thinks smartwatch helps to not look at phone everytime a notification comes in -> looks on smartwatch instead of smartphone,,(other) ways to avoid phubbing,final interviews of distance-study,2024-05-13 15:18,2024-05-13 16:24,https://distance-study-mp9c.dovetail.com/tags/7oKNN4P0L9iPsfIaqpvFKV
phubbs people but is annoying of being phubbed,,ratings of own phubbing behaviour,final interviews of distance-study,2024-04-26 14:22,2024-04-29 12:46,https://distance-study-mp9c.dovetail.com/tags/7qk2GvZjxK39Ks1YF3IUwN
thinks phone usage while social depends on type of social partner and situation,,ratings of own phubbing behaviour,final interviews of distance-study,2024-04-15 18:51,2024-04-29 12:49,https://distance-study-mp9c.dovetail.com/tags/7rGPdM0mbFzerJiCutMTJW
thinks interventions could help for more awareness of smartphone usage in social interactions,,thougts about efficience of interventions,final interviews of distance-study,2024-04-16 13:30,2024-05-13 16:06,https://distance-study-mp9c.dovetail.com/tags/7twcZiAeu6dJketI0OZMTD
using phone while social for relaxing (while lunch at work),,action of smartphone use during social interacti,final interviews of distance-study,2024-04-15 18:40,2024-04-18 13:33,https://distance-study-mp9c.dovetail.com/tags/7tP22aomHQvkTydO6DF5L1
thought questionnaire was strange because users were asked about the app without noticing it (in control mode),,improvements for study,final interviews of distance-study,2024-04-15 17:00,2024-04-18 13:40,https://distance-study-mp9c.dovetail.com/tags/7tVK7z9y8S6JaJ54mwGef0
rates smartphone use as acceptable if there is a purpose behind it,,ratings of smartphone use during social interactio,final interviews of distance-study,2024-04-09 15:33,2024-04-26 14:29,https://distance-study-mp9c.dovetail.com/tags/7CxsYJY7L7VBdSK4vY7Kst
"feeling curious when has been phubbed, because wants to know what the conversation partner finds more interesting than the conversation",,feelings resulting from phubbing,final interviews of distance-study,2024-04-30 12:35,2024-04-30 14:09,https://distance-study-mp9c.dovetail.com/tags/7CHjyN9wD0R1mPw7Zk4YO0
"thinks that smartphone use without any purpose, espacially during social interaction, is because of smartphone addiction",,thoughts about reasons of phubbing behaviour,final interviews of distance-study,2024-04-26 14:31,2024-04-30 14:12,https://distance-study-mp9c.dovetail.com/tags/7JRofcXkWtVYGMbTr6CsUi
thinks that parenting/education influences smartphone behavior during social interactions,,thoughts about reasons of phubbing behaviour,final interviews of distance-study,2024-04-16 13:47,2024-04-18 13:41,https://distance-study-mp9c.dovetail.com/tags/7Ltfnoef6rQXHrZu1yTG3y
rates being phubbed by family member as acceptable because they're busy or have already become familiar with their behavior,,groups of people who phubb,final interviews of distance-study,2024-04-29 11:41,2024-04-29 12:17,https://distance-study-mp9c.dovetail.com/tags/7LTpA9zlFFwOTBSbR44eOl
thinks interventions could help to be more aware of own smartphone usage while social interaction,,thougts about efficience of interventions,final interviews of distance-study,2024-04-26 15:39,2024-04-29 12:51,https://distance-study-mp9c.dovetail.com/tags/7MxgsOW7c99uegOXjUzjuU